Name,Specialty,Title,Branches
Ahmed Fouad,Plastic Surgery,Consultant Plastic Surgery,"Roushdy, Antoniadis, El-Shalalat"
Islam Mohamed,Dermatology,"Consultant Dermatology, Venereology, Laser & Aesthetic","Antoniadis, El-Shalalat"
Amany Yahya,Pediatrics,"Consultant Pediatrics, Endocrinology, Diabetes","Roushdy, Antoniadis"
Amira Ramadan,Pediatrics,Neonatal Consultant,Antoniadis
Ehab Orfy,Trauma & Orthopedics,Consultant Trauma & Orthopedics,Antoniadis
Ehab Ali,Dentistry,"Specialist Endodontist, Prosthodontist & Fillings","Roushdy, Antoniadis"
Gamal Murad,Dermatology,Consultant Dermatology,"Roushdy, Antoniadis"
Darine Mamdouh,Dentistry,Consultant Dentistry,Antoniadis
Doaa Hebaa,Pediatrics,Professor Pediatric Medicine,Antoniadis
Ahmed Mohamed,Neurology,Specialist Neurology,Antoniadis
Mohamed Adly,Ophthalmology,Consultant Ophthalmology,Antoniadis
Bassem Abdelrahman,Vascular Surgery,Specialist Vascular Surgery,"Roushdy, El-Shalalat"
Asmaa Elsayed,Clinical Medicine,Specialist Clinical Medicine,Roushdy
Mai Kamal,Dermatology,Specialist Dermatology,"Roushdy, Antoniadis"
Heba Ibrahim,Dentistry,Specialist Dentistry,Roushdy
Abdallah Ahmed,Cardiology,Consultant Cardiology,Antoniadis
Omar Abdelkhalek,Pulmonology,Consultant Pulmonology,Antoniadis
Kerollos Wadie,Emergency Medicine,Specialist Emergency Medicine,Roushdy
Mohamed Fathy,Cardiology,Consultant Cardiology,Roushdy
Abdelrahman Salem,Cardiology,Consultant Cardiology,Antoniadis
Holter Forty Eight,Cardiology,Specialist Cardiology,Antoniadis
Holter Twenty Four,Cardiology,Specialist Cardiology,Roushdy
Ambulatory Blood Clinic,Cardiology,Specialist Cardiology,Antoniadis
Karim Abdelsalam,Obstetrics,Consultant Obstetrics,Antoniadis
Ziad Abdelaziz,Clinical Oncology,Consultant Clinical Oncology,Antoniadis
Mohamed Raafat,Neurosurgery,Consultant Neurosurgery,Roushdy
Rania Ghazy,ENT,Consultant ENT Surgery,Antoniadis
Maha Marwan,Dermatology,Consultant Dermatology,Antoniadis
Mohamed Ahmed,Nephrology,Consultant Nephrology,Roushdy
Amr Adel,ENT,Consultant ENT Surgery,Antoniadis
Islam Fathy,ENT,Specialist ENT Surgery,Antoniadis
Omar El-Sabiaay,Trauma & Orthopedics,Specialist Trauma & Orthopedics,Antoniadis
Abdelhamid Hassan,Pulmonology,Consultant Pulmonology,Antoniadis
AMC Pharmacy,General Checkup,Specialist General Checkup,Roushdy
AMH Pharmacy,General Checkup,Specialist General Checkup,Antoniadis
Abdelhamid Saber,Pulmonology,Consultant Pulmonology,Antoniadis
Post CathLab Clinic,Cardiology,Specialist Cardiology,Antoniadis
Ahmed El-Erian,Obstetrics,Consultant Obstetrics,Roushdy
Tamer Ahmad ElSayed,Physiotherapy,Consultant Physiotherapy,Roushdy
Walid Fayez Fahmy,Trauma,Consultant Trauma,Antoniadis
Makary Rasmy,Ophthalmology,Specialist Ophthalmology,Antoniadis
Mohamed Essam,Oncology,Consultant Oncology,Roushdy
Hany William Zakaria,Clinical Oncology,Consultant Clinical Oncology,Roushdy
Sherif Moustafa,Dentistry,Specialist Dentistry,Roushdy
Aly Yahia,Dentistry,Specialist Dentistry,Roushdy
Mohamed Hamdy,Neurology,Consultant Neurology,Roushdy
Islam Abdelkader,Physiotherapy,Specialist Physiotherapy,Roushdy
Preventive Clinic,Cardiology,Specialist Cardiology,Antoniadis
Yasmin Maamoun,Dermatology,Consultant Dermatology,Antoniadis
Nadine ElBanby,Audiology,Specialist Audiology,Roushdy
Sabah Ghareeb,Obstetrics,Consultant Obstetrics,Roushdy
Ahmed Ismael,Neurosurgery,Consultant Neurosurgery,Antoniadis
Sherif Moamen,Vascular Surgery,Consultant Vascular Surgery,Roushdy
Uroflowmetry Clinic,Urology,Specialist Urology,Roushdy
Azza Ismail,Oral Surgery,Consultant Oral Surgery,Antoniadis
Yasmine Adel,Hepatology,Consultant Hepatology,Roushdy
Mohamed Ali,Neurology,Consultant Neurology,Antoniadis
Walaa Sabry,Phonetics,Consultant Phonetics,Antoniadis
Resistant Hypertension Clinic,Cardiology,Specialist Cardiology,Roushdy
Hisham Mohamed,Pulmonology,Specialist Pulmonology,Roushdy
Mohamed Kabary,Dermatology,Specialist Dermatology,Roushdy
Radiology Lab,Radiology,Specialist Radiology,Antoniadis
Doctor IT Test,Anesthesia,Specialist Anesthesia,Roushdy
Mai Salah Helal,Dentistry,Consultant Dentistry,Antoniadis
Mohamed Ragab,Vascular Surgery,Consultant Vascular Surgery,Antoniadis
Diaa ElRahman,Audiology,Specialist Audiology,Antoniadis
Lab And Rad,General Practice,General Practitioner,Antoniadis
Mohamed Ehab,Physiotherapy,Specialist Physiotherapy,Antoniadis
Ahmed Yehia,Cardiology,Consultant Cardiology,Roushdy
Khaled Salama,General Surgery,Specialist General Surgery,Antoniadis
Mona Zaki,Rheumatology,Consultant Rheumatology,Antoniadis
Hanaa Salem,Geriatrics,Consultant Geriatrics,Smouha
Medhat Mohamed,Pain Management,Senior Consultant Pain Management,"New Cairo, Hay Al Ashgar"
Maher Elshamy,Cardiology,Specialist Cardiology,Hay Al Ashgar
Tarek Farouk,Reproductive Medicine,Consultant Reproductive Medicine,Antoniadis
Mostafa Labib,Endocrinology,Associate Consultant Endocrinology,"New Cairo, Antoniadis"
Nagwa Salem,Pain Management,Consultant Pain Management,"Sheraton, Smouha"
Heba Qassem,Pulmonology,Specialist Pulmonology,"Smouha, Antoniadis, Hay Al Ashgar"
Osama Lotfy,Neurology,Consultant Neurology,Maadi
Rawia Othman,General Surgery,Specialist General Surgery,Smouha
Essam Elshamy,Nuclear Medicine,Specialist Nuclear Medicine,Sheraton
Nisreen Ibrahim,Pulmonology,Associate Consultant Pulmonology,"Hay Al Ashgar, Maadi"
Ragab Issa,Thoracic Surgery,Consultant Thoracic Surgery,"Hay Al Ashgar, Dar El Fouad"
Khaled Abdelaziz,Maxillofacial Surgery,Specialist Maxillofacial Surgery,Heliopolis
Maher Nassar,Clinical Oncology,Consultant Clinical Oncology,"New Cairo, Dar El Fouad, Antoniadis"
Nadia Mansour,Nuclear Medicine,Senior Consultant Nuclear Medicine,"Heliopolis, Antoniadis"
Medhat Tawfik,Allergy & Immunology,Consultant Allergy & Immunology,"Roushdy, Antoniadis"
Hanaa Barakat,Rheumatology,Specialist Rheumatology,Maadi
Samir Hassan,Colorectal Surgery,Associate Consultant Colorectal Surgery,New Cairo
Farida Khalil,Nuclear Medicine,Consultant Nuclear Medicine,"Heliopolis, Smouha"
Hisham Saber,Infectious Disease,Assistant Professor Infectious Disease,"Roushdy, Sheraton, Dar El Fouad"
Saber Lotfy,Hematology,Consultant Hematology,Heliopolis
Dina Wahba,General Practice,Associate Consultant General Practice,"New Cairo, El-Shalalat, Heliopolis"
Inas Saber,Endocrinology,Consultant Endocrinology,"Smouha, New Cairo"
Safaa Saad,Thoracic Surgery,Consultant Thoracic Surgery,"Sheraton, Dar El Fouad, New Cairo"
Nabil Ahmed,Vascular Surgery,Professor Vascular Surgery,"Heliopolis, Smouha"
Yasser Nasr,Orthopedics,Consultant Orthopedics,"Sheraton, Antoniadis, Smouha"
Abdelrahman Farouk,Infectious Disease,Senior Consultant Infectious Disease,"Heliopolis, Dar El Fouad, Smouha"
Sally Saad,Ophthalmology,Senior Consultant Ophthalmology,Hay Al Ashgar
Atef Wahba,Orthopedics,Specialist Orthopedics,"Antoniadis, Roushdy, Hay Al Ashgar"
Rania Abdelaziz,Radiology,Senior Consultant Radiology,Hay Al Ashgar
Samir Abdelaziz,General Surgery,Consultant General Surgery,"New Cairo, Antoniadis, Roushdy"
Hanaa Hassan,ENT,Senior Specialist ENT,"El-Shalalat, Hay Al Ashgar"
Walid Nassar,Orthopedics,Senior Consultant Orthopedics,Hay Al Ashgar
Hesham Tawfik,Nephrology,Consultant Nephrology,"New Cairo, Dar El Fouad, El-Shalalat"
Walid Ibrahim,Geriatrics,Specialist Geriatrics,Sheraton
Maher Amer,Psychiatry,Senior Specialist Psychiatry,"Roushdy, New Cairo"
Hossam Ahmed,Neonatology,Professor Neonatology,"Hay Al Ashgar, Antoniadis, Smouha"
Heba Metwally,ENT,Consultant ENT,"New Cairo, Sheraton"
Aya Qassem,Thoracic Surgery,Consultant Thoracic Surgery,El-Shalalat
Wafaa Tawfik,Plastic Surgery,Senior Specialist Plastic Surgery,"Roushdy, Dar El Fouad, Antoniadis"
Walid Darwish,Endocrinology,Senior Consultant Endocrinology,Antoniadis
Neveen Elbanna,Neurology,Consultant Neurology,"Maadi, New Cairo"
Rafik Hamza,Hematology,Senior Specialist Hematology,El-Shalalat
Hamdy Khalil,Maxillofacial Surgery,Specialist Maxillofacial Surgery,Heliopolis
Hazem Farouk,Bariatric Surgery,Specialist Bariatric Surgery,Dar El Fouad
Ragab Ibrahim,ENT,Specialist ENT,"Roushdy, Heliopolis"
Khaled Nasr,Endocrinology,Senior Consultant Endocrinology,Hay Al Ashgar
Nadia Ahmed,Cardiac Surgery,Senior Specialist Cardiac Surgery,"Sheraton, New Cairo"
Khaled Ali,Hematology,Consultant Hematology,"Roushdy, Sheraton, Smouha"
Passant Khalil,Neurosurgery,Specialist Neurosurgery,"Hay Al Ashgar, El-Shalalat, Smouha"
Yasmin Osman,Pediatrics,Senior Consultant Pediatrics,"Hay Al Ashgar, Smouha, Maadi"
Shady Khalil,Oncology,Associate Consultant Oncology,"Smouha, Heliopolis, Dar El Fouad"
Rafik Ismail,Pulmonology,Professor Pulmonology,Sheraton
Karim Dawoud,Rheumatology,Consultant Rheumatology,"New Cairo, Sheraton"
Nadia Abdelhady,Obstetrics & Gynecology,Specialist Obstetrics & Gynecology,"Roushdy, Antoniadis, Hay Al Ashgar"
Hesham Elsayed,Phonetics,Specialist Phonetics,"Hay Al Ashgar, Smouha"
Yasser Radwan,Cardiology,Consultant Cardiology,"Smouha, Sheraton"
Sameh Habib,Interventional Radiology,Consultant Interventional Radiology,"Maadi, New Cairo"
Gamal Elsayed,Hepatology,Specialist Hepatology,"Smouha, Hay Al Ashgar"
Nagwa Rashid,Maxillofacial Surgery,Senior Specialist Maxillofacial Surgery,"Maadi, Hay Al Ashgar"
Ahmed Elgohary,Nephrology,Consultant Nephrology,"Heliopolis, Sheraton"
Ayman Rashid,Physiotherapy,Consultant Physiotherapy,"El-Shalalat, Antoniadis"
Sameh Nasr,Interventional Radiology,Consultant Interventional Radiology,"Smouha, Maadi"
Sherif Mansour,Pediatrics,Professor Pediatrics,"Heliopolis, Antoniadis, Dar El Fouad"
Osama Issa,Radiology,Specialist Radiology,Hay Al Ashgar
Raed Shehata,Cardiology,Senior Specialist Cardiology,"Antoniadis, Hay Al Ashgar, Smouha"
Shady Fawzy,Anesthesia,Professor Anesthesia,Antoniadis
Akram Tawfik,Clinical Nutrition,Consultant Clinical Nutrition,"Sheraton, Dar El Fouad"
Walaa Darwish,Phonetics,Associate Consultant Phonetics,"El-Shalalat, Dar El Fouad"
Hisham Abdelaziz,Nuclear Medicine,Consultant Nuclear Medicine,"Dar El Fouad, Smouha"
Karim Tantawy,Nephrology,Consultant Nephrology,New Cairo
Tarek Ismail,Oncology,Specialist Oncology,"Antoniadis, Hay Al Ashgar"
Fady Tawfik,Audiology,Professor Audiology,"Hay Al Ashgar, Roushdy"
Hanan Issa,Oncology,Consultant Oncology,"Maadi, Hay Al Ashgar, New Cairo"
Hatem Gaber,Neonatology,Senior Specialist Neonatology,Maadi
Mohamed Morsy,Vascular Surgery,Specialist Vascular Surgery,"El-Shalalat, Dar El Fouad"
Manal Gaber,Pediatrics,Senior Specialist Pediatrics,"Roushdy, Antoniadis"
Fatma Tawfik,Obstetrics & Gynecology,Professor Obstetrics & Gynecology,Smouha
Hazem Barakat,Oncology,Consultant Oncology,"Hay Al Ashgar, Maadi, Antoniadis"
Hatem Ibrahim Gaber,Neurosurgery,Consultant Neurosurgery,Roushdy
Mariam Saad,Pediatrics,Specialist Pediatrics,Dar El Fouad
Jihan Farouk,Anesthesia,Specialist Anesthesia,"El-Shalalat, Antoniadis"
Noura Elgohary,Ophthalmology,Specialist Ophthalmology,"Heliopolis, Hay Al Ashgar, New Cairo"
Mai Ahmed,Geriatrics,Specialist Geriatrics,"Antoniadis, Maadi"
Lobna Fahmy,Sports Medicine,Specialist Sports Medicine,Hay Al Ashgar
Amira Darwish,Pathology,Consultant Pathology,"Dar El Fouad, Antoniadis"
Ibrahim Nasr,Anesthesia,Specialist Anesthesia,New Cairo
Iman Metwally,Infectious Disease,Specialist Infectious Disease,Heliopolis
Wagdy Abdelaziz,ENT,Consultant ENT,Dar El Fouad
Passant Morsy,Vascular Surgery,Professor Vascular Surgery,"El-Shalalat, Dar El Fouad, Smouha"
Ramy Habib,Rheumatology,Senior Specialist Rheumatology,"Maadi, New Cairo"
Sherif Salem,Gastroenterology,Specialist Gastroenterology,Smouha
Omniya Tantawy,General Practice,Consultant General Practice,Maadi
Shady Abdelaziz,Hematology,Specialist Hematology,New Cairo
Ashraf Zaki,Pain Management,Consultant Pain Management,"Maadi, Heliopolis"
Mahmoud Wahba,Radiology,Consultant Radiology,"El-Shalalat, Smouha"
Ehab Elshamy,Colorectal Surgery,Specialist Colorectal Surgery,"Heliopolis, Maadi"
Mai Elbanna,Pulmonology,Consultant Pulmonology,New Cairo
Omar Ibrahim,Pain Management,Consultant Pain Management,"Dar El Fouad, Antoniadis, Roushdy"
Dalal Amer,Oral Surgery,Consultant Oral Surgery,"Maadi, Dar El Fouad, Antoniadis"
Maha Badawi,General Surgery,Specialist General Surgery,"El-Shalalat, Heliopolis"
Wafaa Salem,Gastroenterology,Senior Consultant Gastroenterology,"Heliopolis, Smouha"
Nagwa Shaker,Oral Surgery,Consultant Oral Surgery,"Hay Al Ashgar, Maadi"
Layla Metwally,Maxillofacial Surgery,Senior Consultant Maxillofacial Surgery,"Smouha, Maadi"
Noura Abdelaziz,Obstetrics & Gynecology,Specialist Obstetrics & Gynecology,Hay Al Ashgar
Medhat Amer,Nephrology,Professor Nephrology,Maadi
Azza Ahmed,Bariatric Surgery,Consultant Bariatric Surgery,Heliopolis
Mai Radwan,Urology,Consultant Urology,"Maadi, El-Shalalat"
Amr Elgohary,Neonatology,Specialist Neonatology,"Maadi, Dar El Fouad"
Shady Elgohary,Cardiac Surgery,Consultant Cardiac Surgery,New Cairo
Youssef Labib,Dermatology,Senior Specialist Dermatology,"Heliopolis, Maadi"
Nabil Rashid,Sports Medicine,Specialist Sports Medicine,Maadi
Hanan Barakat,Obstetrics & Gynecology,Consultant Obstetrics & Gynecology,"Maadi, El-Shalalat"
Naglaa Nasr,General Practice,Assistant Professor General Practice,Hay Al Ashgar
Sameh Khalil,Neurology,Consultant Neurology,"Maadi, Hay Al Ashgar"
Inas Ali,Anesthesia,Senior Consultant Anesthesia,Antoniadis
Maha Darwish,Cardiology,Specialist Cardiology,"Hay Al Ashgar, Roushdy"
Ibrahim Metwally,Reproductive Medicine,Consultant Reproductive Medicine,Roushdy
George Nabil,Nephrology,Consultant Nephrology,"Antoniadis, Roushdy"
Lobna Abdelaziz,Thoracic Surgery,Senior Consultant Thoracic Surgery,"New Cairo, Hay Al Ashgar"
Sobhy Fahmy,Anesthesia,Senior Specialist Anesthesia,"El-Shalalat, Dar El Fouad"
Samira Darwish,Thoracic Surgery,Consultant Thoracic Surgery,"Dar El Fouad, Smouha"
Tarek Morsy,Radiology,Senior Specialist Radiology,"El-Shalalat, Antoniadis"
Hesham Osman,Vascular Surgery,Senior Specialist Vascular Surgery,"Roushdy, Maadi"
Karima Khatab,Clinical Nutrition,Consultant Clinical Nutrition,New Cairo
Hazem Hamza,Reproductive Medicine,Consultant Reproductive Medicine,Sheraton
Safaa Abdelaziz,Sports Medicine,Consultant Sports Medicine,"Hay Al Ashgar, Roushdy, Sheraton"
Tahany Morsy,Oncology,Lecturer Oncology,"El-Shalalat, Dar El Fouad"
Fatma Darwish,Geriatrics,Consultant Geriatrics,Dar El Fouad
Ragab Tawfik,Cardiology,Specialist Cardiology,El-Shalalat
Hesham Abdelhady,Vascular Surgery,Specialist Vascular Surgery,Antoniadis
Rawia Gaber,Oncology,Assistant Professor Oncology,"Dar El Fouad, New Cairo"
Karim Abdelaziz,Nuclear Medicine,Specialist Nuclear Medicine,Smouha
Naglaa Khalil,Reproductive Medicine,Specialist Reproductive Medicine,"Dar El Fouad, El-Shalalat, Maadi"
Heba Elsayed,Orthopedics,Consultant Orthopedics,El-Shalalat
Gamal Issa,Bariatric Surgery,Specialist Bariatric Surgery,Antoniadis
Nagwa Metwally,Bariatric Surgery,Consultant Bariatric Surgery,"El-Shalalat, Smouha, Dar El Fouad"
Azza Abdelhady,Clinical Nutrition,Professor Clinical Nutrition,"Maadi, New Cairo"
Ayman Kamal,Geriatrics,Consultant Geriatrics,"Maadi, Dar El Fouad, Heliopolis"
Essam Amer,Ophthalmology,Consultant Ophthalmology,"Heliopolis, Maadi"
Samira Mohamed,Clinical Nutrition,Consultant Clinical Nutrition,Roushdy
Zeinab Badawi,Nephrology,Specialist Nephrology,Sheraton
Sherif Metwally,Endocrinology,Specialist Endocrinology,"El-Shalalat, Antoniadis"
Omniya Ali,Hematology,Specialist Hematology,Sheraton
Dina Elbanna,Plastic Surgery,Specialist Plastic Surgery,El-Shalalat
Neveen Fawzy,Psychiatry,Senior Specialist Psychiatry,"Maadi, Dar El Fouad"
Samira Zaki,Vascular Surgery,Associate Consultant Vascular Surgery,Antoniadis
Nabil Wahba Rashid,Bariatric Surgery,Assistant Professor Bariatric Surgery,"New Cairo, Sheraton, Antoniadis"
Sara Abdelhady,Infectious Disease,Senior Consultant Infectious Disease,Maadi
Nahla Lotfy,Ophthalmology,Specialist Ophthalmology,Heliopolis
Inas Elsayed,Interventional Radiology,Consultant Interventional Radiology,Dar El Fouad
Wafaa Othman,Audiology,Senior Consultant Audiology,Roushdy
Abdelrahman Fahmy,Ophthalmology,Consultant Ophthalmology,"Hay Al Ashgar, Dar El Fouad"
Hatem Shehata,Infectious Disease,Consultant Infectious Disease,"El-Shalalat, Hay Al Ashgar"
Eman Metwally,Audiology,Senior Specialist Audiology,Sheraton
Ayman Abdelaziz,Clinical Oncology,Senior Consultant Clinical Oncology,"New Cairo, Sheraton"
Tamer Saad,Urology,Senior Specialist Urology,"Antoniadis, Smouha"
Lobna Mohamed,Orthopedics,Specialist Orthopedics,El-Shalalat
Aya Ahmed,Reproductive Medicine,Specialist Reproductive Medicine,"Smouha, Sheraton"
Lobna Hassan,Rheumatology,Associate Consultant Rheumatology,El-Shalalat
Akram Youssef,Urology,Specialist Urology,Roushdy
Hesham Abdelaziz,Geriatrics,Consultant Geriatrics,Roushdy
Gamal Fawzy,Urology,Specialist Urology,Sheraton
Hassan Shaker,Psychiatry,Consultant Psychiatry,"New Cairo, Maadi"
Mohamed Ibrahim,Emergency Medicine,Associate Consultant Emergency Medicine,Antoniadis
Ragab Shaker,General Surgery,Senior Specialist General Surgery,El-Shalalat
Tamer Metwally,Nuclear Medicine,Specialist Nuclear Medicine,"Hay Al Ashgar, New Cairo"
Alaa Labib,Phonetics,Senior Consultant Phonetics,"New Cairo, Smouha"
Hamdy Ismail,Audiology,Consultant Audiology,Hay Al Ashgar
Ghada Radwan,Plastic Surgery,Specialist Plastic Surgery,El-Shalalat
Dalal Ahmed,ENT,Associate Consultant ENT,Antoniadis
Neveen Nabil,Pain Management,Professor Pain Management,"New Cairo, Sheraton, Antoniadis"
Atef Qassem,Reproductive Medicine,Consultant Reproductive Medicine,"Roushdy, Maadi, New Cairo"
Maged Darwish,Physiotherapy,Senior Consultant Physiotherapy,Antoniadis
George Lotfy,Urology,Specialist Urology,"Hay Al Ashgar, New Cairo"
Manal Metwally,Bariatric Surgery,Specialist Bariatric Surgery,Maadi
Tamer Shehata,Reproductive Medicine,Consultant Reproductive Medicine,Roushdy
Tarek Issa,Clinical Nutrition,Consultant Clinical Nutrition,Roushdy
Emad Farouk,Oncology,Consultant Oncology,Sheraton
Bassem Dawoud,Sports Medicine,Specialist Sports Medicine,"El-Shalalat, Heliopolis, Roushdy"
Iman Shaker,Clinical Nutrition,Consultant Clinical Nutrition,"Hay Al Ashgar, Maadi"
Alaa Fahmy,Neurosurgery,Consultant Neurosurgery,Heliopolis
Sameh Elgohary,Dermatology,Consultant Dermatology,"Roushdy, Heliopolis, Smouha"
Walid Dawoud,Dentistry,Specialist Dentistry,Antoniadis
Hatem Radwan,Obstetrics & Gynecology,Senior Consultant Obstetrics & Gynecology,"Smouha, New Cairo"
Passant Kamal,General Surgery,Consultant General Surgery,"Hay Al Ashgar, Roushdy"
Karim Elsayed,Sports Medicine,Consultant Sports Medicine,Hay Al Ashgar
Adel Mohamed,Plastic Surgery,Senior Consultant Plastic Surgery,"Dar El Fouad, Sheraton, Antoniadis"
Hassan Abdelaziz,Phonetics,Specialist Phonetics,"Hay Al Ashgar, Maadi"
Doaa Habib,Sleep Medicine,Senior Consultant Sleep Medicine,"Antoniadis, New Cairo"
Magdy Dawoud,Neurosurgery,Consultant Neurosurgery,"El-Shalalat, Smouha, Antoniadis"
Sherif Youssef,Neonatology,Senior Consultant Neonatology,"Antoniadis, El-Shalalat"
Nahla Badawi,Anesthesia,Specialist Anesthesia,"Dar El Fouad, Sheraton"
Nahla Elsayed,Internal Medicine,Consultant Internal Medicine,Maadi
Karima Ibrahim,Neurosurgery,Consultant Neurosurgery,Dar El Fouad
Ibrahim Elbanna,General Surgery,Specialist General Surgery,"Antoniadis, New Cairo, Hay Al Ashgar"
George Zaki,Dermatology,Consultant Dermatology,"Smouha, Sheraton"
Farida Mansour,Orthopedics,Consultant Orthopedics,"Sheraton, Antoniadis"
Hossam Ali,Gastroenterology,Specialist Gastroenterology,"New Cairo, Heliopolis, El-Shalalat"
Ragab Elbanna,Oncology,Consultant Oncology,Heliopolis
Osama Othman,Vascular Surgery,Professor Vascular Surgery,Hay Al Ashgar
Ziad Qassem,Neonatology,Associate Consultant Neonatology,Heliopolis
Shereen Elgohary,Pathology,Specialist Pathology,Heliopolis
Dina Elgohary,Pain Management,Consultant Pain Management,"El-Shalalat, New Cairo"
Sameh Radwan,Psychiatry,Consultant Psychiatry,El-Shalalat
Soha Dawoud,General Practice,Senior Consultant General Practice,"El-Shalalat, Antoniadis, Maadi"
Rania Darwish,Sleep Medicine,Consultant Sleep Medicine,"New Cairo, Roushdy"
Nisreen Metwally,Dentistry,Specialist Dentistry,El-Shalalat
Nisreen Saber Metwally,Colorectal Surgery,Consultant Colorectal Surgery,Smouha
Manal Elbanna,Reproductive Medicine,Specialist Reproductive Medicine,New Cairo
Akram Amer,Radiology,Consultant Radiology,"Dar El Fouad, Heliopolis, Maadi"
Farida Fawzy,Audiology,Assistant Professor Audiology,"Heliopolis, El-Shalalat"
Layla Othman,Emergency Medicine,Associate Consultant Emergency Medicine,"Antoniadis, New Cairo"
Samira Salem,Reproductive Medicine,Senior Consultant Reproductive Medicine,New Cairo
Ashraf Salem,Pulmonology,Associate Consultant Pulmonology,"Roushdy, Hay Al Ashgar, Heliopolis"
Ibrahim Abdelaziz,Oncology,Lecturer Oncology,Roushdy
Hassan Tantawy,Pathology,Consultant Pathology,Roushdy
Sobhy Amer,Cardiac Surgery,Associate Consultant Cardiac Surgery,"Dar El Fouad, Heliopolis"
Dina Mohamed,Endocrinology,Consultant Endocrinology,Heliopolis
Mahmoud Dawoud,Nephrology,Consultant Nephrology,Smouha
Hesham Metwally,Anesthesia,Professor Anesthesia,"Dar El Fouad, New Cairo"
Alaa Issa,Gastroenterology,Specialist Gastroenterology,Roushdy
Mariam Issa,Audiology,Senior Consultant Audiology,"New Cairo, Sheraton"
Emad Gaber,Psychiatry,Specialist Psychiatry,"Roushdy, Hay Al Ashgar"
Heba Nasr,Oncology,Lecturer Oncology,Roushdy
Karim Kamal,Gastroenterology,Specialist Gastroenterology,"Heliopolis, Sheraton"
Mostafa Gaber,Vascular Surgery,Associate Consultant Vascular Surgery,Dar El Fouad
Dalal Nasr,Obstetrics & Gynecology,Associate Consultant Obstetrics & Gynecology,Dar El Fouad
Sherif Ali,Radiology,Senior Specialist Radiology,Maadi
Rafik Gaber,Emergency Medicine,Consultant Emergency Medicine,"Smouha, Maadi"
Ihab Ibrahim,Pathology,Consultant Pathology,Sheraton
Adel Zaki,Oral Surgery,Senior Specialist Oral Surgery,El-Shalalat
Abdelrahman Lotfy,Allergy & Immunology,Consultant Allergy & Immunology,Hay Al Ashgar
Medhat Youssef,Infectious Disease,Consultant Infectious Disease,Sheraton
Wafaa Shaker,Neonatology,Specialist Neonatology,Dar El Fouad
Omar Wahba,Neurosurgery,Specialist Neurosurgery,Roushdy
Osama Nassar,Clinical Oncology,Consultant Clinical Oncology,"El-Shalalat, Roushdy"
Medhat Rashid,Oral Surgery,Professor Oral Surgery,Sheraton
Maged Ali,Neonatology,Senior Consultant Neonatology,Sheraton
Hisham Ahmed,Sports Medicine,Senior Consultant Sports Medicine,Sheraton
Mariam Fahmy,Pediatrics,Specialist Pediatrics,Hay Al Ashgar
Nadia Dawoud Abdelhady,Endocrinology,Specialist Endocrinology,Heliopolis
Ragab Badawi,Radiology,Senior Consultant Radiology,"Dar El Fouad, El-Shalalat, Heliopolis"
Rawia Elsayed,Clinical Nutrition,Consultant Clinical Nutrition,New Cairo
Wael Saber,Thoracic Surgery,Specialist Thoracic Surgery,"El-Shalalat, Sheraton"
Mahmoud Saad,Dentistry,Consultant Dentistry,Sheraton
Neveen Tawfik,Pain Management,Senior Consultant Pain Management,"Antoniadis, Maadi, Hay Al Ashgar"
Walaa Amer,Allergy & Immunology,Consultant Allergy & Immunology,Heliopolis
Bassem Othman,General Surgery,Consultant General Surgery,"Sheraton, El-Shalalat"
Nisreen Hamza,Nuclear Medicine,Specialist Nuclear Medicine,"El-Shalalat, Hay Al Ashgar"
Atef Ibrahim,Urology,Consultant Urology,El-Shalalat
Yasser Ismail,Neurosurgery,Senior Specialist Neurosurgery,"Maadi, Antoniadis"
Osama Hamza,Rheumatology,Senior Consultant Rheumatology,New Cairo
Raed Saber,Geriatrics,Senior Specialist Geriatrics,Heliopolis
Lobna Habib,Sports Medicine,Professor Sports Medicine,"Antoniadis, Roushdy, Maadi"
Nisreen Issa,Audiology,Specialist Audiology,New Cairo
Wael Amer,Gastroenterology,Associate Consultant Gastroenterology,"Maadi, Dar El Fouad"
Ali Saber,Oral Surgery,Consultant Oral Surgery,Sheraton
Ghada Tantawy,Plastic Surgery,Specialist Plastic Surgery,"Hay Al Ashgar, El-Shalalat, Sheraton"
Hassan Elsayed,Gastroenterology,Consultant Gastroenterology,Smouha
Ali Elbanna,Oncology,Associate Consultant Oncology,El-Shalalat
Jihan Wahba,Plastic Surgery,Senior Consultant Plastic Surgery,New Cairo
Hamdy Elgohary,General Practice,Professor General Practice,"New Cairo, Dar El Fouad, Smouha"
Mostafa Ibrahim,Orthopedics,Consultant Orthopedics,"Dar El Fouad, Maadi"
Wagdy Khalil,Phonetics,Senior Consultant Phonetics,Sheraton
Neveen Ali,Hepatology,Professor Hepatology,"Sheraton, New Cairo"
Essam Darwish,Oral Surgery,Specialist Oral Surgery,Heliopolis
Nadia Nabil,Ophthalmology,Consultant Ophthalmology,"Sheraton, New Cairo"
Hanan Mansour,Radiology,Specialist Radiology,Roushdy
Khaled Tantawy,Vascular Surgery,Associate Consultant Vascular Surgery,"El-Shalalat, New Cairo"
Saber Metwally,Plastic Surgery,Senior Consultant Plastic Surgery,"Maadi, Sheraton, Dar El Fouad"
Wafaa Amer,Pediatrics,Consultant Pediatrics,"Hay Al Ashgar, Maadi"
Walaa Shehata,Nuclear Medicine,Professor Nuclear Medicine,Heliopolis
Walaa Ibrahim,Geriatrics,Consultant Geriatrics,"Heliopolis, Hay Al Ashgar"
Seif Abdelaziz,Dermatology,Specialist Dermatology,"Smouha, Roushdy"
Gamal Mansour,Audiology,Specialist Audiology,Heliopolis
Zeinab Wahba,Orthopedics,Specialist Orthopedics,"New Cairo, Sheraton"
Dalal Fawzy,Oncology,Consultant Oncology,New Cairo
Mostafa Rashid,Sleep Medicine,Associate Consultant Sleep Medicine,"Maadi, Dar El Fouad"
Samy Elshamy,Pain Management,Consultant Pain Management,"Maadi, Heliopolis, Smouha"
Eman Elsayed,Emergency Medicine,Consultant Emergency Medicine,"Maadi, Heliopolis, Antoniadis"
Hanaa Morsy,Hepatology,Associate Consultant Hepatology,"El-Shalalat, Maadi, Roushdy"
Yasser Salem,Neurosurgery,Senior Specialist Neurosurgery,"Dar El Fouad, Smouha"
Fady Elshamy,Pain Management,Specialist Pain Management,Heliopolis
Mariam Abdelaziz,Orthopedics,Specialist Orthopedics,"Smouha, Roushdy"
Hazem Tantawy,Emergency Medicine,Senior Consultant Emergency Medicine,"Roushdy, New Cairo"
Noura Osman,Pathology,Senior Specialist Pathology,"Dar El Fouad, Smouha, Maadi"
Raed Ibrahim,Sleep Medicine,Senior Consultant Sleep Medicine,"New Cairo, Roushdy"
Yasmin Youssef Osman,Dermatology,Lecturer Dermatology,Dar El Fouad
Hatem Elbanna,Dermatology,Professor Dermatology,"Antoniadis, Sheraton"
Raed Gaber,Allergy & Immunology,Consultant Allergy & Immunology,"New Cairo, Dar El Fouad, Maadi"
Mahmoud Habib,Neurology,Specialist Neurology,"El-Shalalat, Roushdy"
Samira Issa,Bariatric Surgery,Specialist Bariatric Surgery,Hay Al Ashgar
Farida Elsayed,ENT,Consultant ENT,El-Shalalat
Saber Abdelaziz,Cardiology,Consultant Cardiology,Maadi
Wafaa Khatab,Colorectal Surgery,Specialist Colorectal Surgery,Sheraton
Layla Qassem,Urology,Consultant Urology,New Cairo
Tahany Dawoud,Hematology,Specialist Hematology,"Maadi, Sheraton"
Doaa Nabil,Emergency Medicine,Senior Consultant Emergency Medicine,"Heliopolis, Sheraton"
George Amer,Reproductive Medicine,Consultant Reproductive Medicine,"Smouha, Heliopolis"
Lobna Salem,Allergy & Immunology,Consultant Allergy & Immunology,"Antoniadis, Heliopolis"
George Darwish,Radiology,Specialist Radiology,Sheraton
Abeer Fahmy,Bariatric Surgery,Consultant Bariatric Surgery,"Antoniadis, New Cairo"
Ali Tawfik,Dentistry,Consultant Dentistry,Roushdy
Rawia Elgohary,Colorectal Surgery,Professor Colorectal Surgery,Roushdy
Karima Ahmed,Dermatology,Consultant Dermatology,"New Cairo, Roushdy"
Amira Amer,Dermatology,Consultant Dermatology,El-Shalalat
Walaa Othman,Audiology,Consultant Audiology,"Dar El Fouad, Hay Al Ashgar, New Cairo"
Sameh Gaber,Dentistry,Specialist Dentistry,El-Shalalat
Maha Fawzy,Dentistry,Specialist Dentistry,Roushdy
Wafaa Rashid Tawfik,Colorectal Surgery,Consultant Colorectal Surgery,"Smouha, Heliopolis"
Tarek Elshamy,Radiology,Senior Specialist Radiology,"Antoniadis, Roushdy"
Sally Metwally,Sleep Medicine,Senior Specialist Sleep Medicine,"Smouha, Heliopolis, Antoniadis"
Omar Shaker,Neonatology,Specialist Neonatology,"Smouha, Roushdy, Hay Al Ashgar"
Fady Farouk,Reproductive Medicine,Associate Consultant Reproductive Medicine,New Cairo
Doaa Wahba,Sports Medicine,Consultant Sports Medicine,"Sheraton, Smouha"
Tarek Qassem,Allergy & Immunology,Consultant Allergy & Immunology,Roushdy
Karima Zaki,Obstetrics & Gynecology,Specialist Obstetrics & Gynecology,Dar El Fouad
Mostafa Othman,Clinical Nutrition,Consultant Clinical Nutrition,"Hay Al Ashgar, Heliopolis"
Essam Youssef,Reproductive Medicine,Consultant Reproductive Medicine,Smouha
Yasser Mansour,Anesthesia,Senior Specialist Anesthesia,"Hay Al Ashgar, New Cairo"
Essam Abdelaziz,Endocrinology,Consultant Endocrinology,"Dar El Fouad, Sheraton"
Ziad Saad,Orthopedics,Consultant Orthopedics,"Heliopolis, Roushdy"
Mai Barakat,Geriatrics,Specialist Geriatrics,"Dar El Fouad, Smouha"
Soha Elgohary,Cardiology,Consultant Cardiology,Antoniadis
Hanan Amer,Gastroenterology,Specialist Gastroenterology,"Hay Al Ashgar, Smouha"
Nisreen Elbanna,Oncology,Consultant Oncology,"Maadi, Heliopolis"
Hamdy Badawi,Anesthesia,Senior Consultant Anesthesia,"Dar El Fouad, Sheraton, Smouha"
Gamal Ali,Sports Medicine,Associate Consultant Sports Medicine,"Roushdy, Maadi"
Karima Wahba Khatab,Audiology,Consultant Audiology,Smouha
Sobhy Abdelaziz,General Practice,Specialist General Practice,"Sheraton, Maadi, Dar El Fouad"
Omniya Zaki,General Practice,Consultant General Practice,"Sheraton, El-Shalalat"
Fady Badawi,Obstetrics & Gynecology,Senior Specialist Obstetrics & Gynecology,"Roushdy, New Cairo"
Wagdy Ahmed,Clinical Nutrition,Professor Clinical Nutrition,El-Shalalat
Doaa Ahmed,Thoracic Surgery,Senior Consultant Thoracic Surgery,Dar El Fouad
Mounir Nasr,Clinical Nutrition,Senior Specialist Clinical Nutrition,"Dar El Fouad, Roushdy, New Cairo"
Gamal Hassan,Pediatrics,Consultant Pediatrics,Maadi
Rafik Shehata,Bariatric Surgery,Consultant Bariatric Surgery,"El-Shalalat, Antoniadis, New Cairo"
Samy Saad,Interventional Radiology,Consultant Interventional Radiology,"Maadi, Hay Al Ashgar"
Adel Tawfik,Sports Medicine,Consultant Sports Medicine,"Maadi, Antoniadis"
Omniya Barakat,Dermatology,Senior Consultant Dermatology,New Cairo
Osama Hassan,Cardiac Surgery,Senior Consultant Cardiac Surgery,Hay Al Ashgar
Soha Issa,Ophthalmology,Senior Specialist Ophthalmology,"Smouha, Heliopolis, Dar El Fouad"
Saber Ahmed,Bariatric Surgery,Senior Specialist Bariatric Surgery,"Heliopolis, Roushdy, El-Shalalat"
Ghada Mohamed,Physiotherapy,Specialist Physiotherapy,"Hay Al Ashgar, Antoniadis"
Maged Abdelaziz,Sports Medicine,Associate Consultant Sports Medicine,New Cairo
Hisham Zaki,Dentistry,Specialist Dentistry,"Antoniadis, New Cairo"
Shereen Ibrahim,Ophthalmology,Consultant Ophthalmology,"Sheraton, Hay Al Ashgar"
Ghada Nasr Mohamed,Rheumatology,Specialist Rheumatology,Smouha
Essam Radwan,Obstetrics & Gynecology,Specialist Obstetrics & Gynecology,"Antoniadis, Maadi"
Tahany Ahmed,ENT,Consultant ENT,El-Shalalat
Ghada Lotfy,Ophthalmology,Senior Consultant Ophthalmology,"Dar El Fouad, Sheraton, Maadi"
Youssef Youssef,Phonetics,Consultant Phonetics,"Hay Al Ashgar, Antoniadis"
Mostafa Hamza,ENT,Specialist ENT,"Hay Al Ashgar, Roushdy"
Essam Dawoud,ENT,Specialist ENT,"Smouha, New Cairo"
Essam Saber,Dentistry,Consultant Dentistry,El-Shalalat
Ashraf Elshamy,Audiology,Consultant Audiology,"Sheraton, Maadi"
Walaa Nasr,General Practice,Specialist General Practice,Antoniadis
Ahmed Nassar,Vascular Surgery,Associate Consultant Vascular Surgery,Sheraton
Ashraf Othman,Neonatology,Senior Consultant Neonatology,Smouha
Hossam Nassar,Plastic Surgery,Consultant Plastic Surgery,"Dar El Fouad, Smouha"
Tamer Nassar,Clinical Oncology,Senior Consultant Clinical Oncology,"Heliopolis, New Cairo"
Ihab Hamza,Pediatrics,Assistant Professor Pediatrics,Smouha
Hany Shehata,General Surgery,Associate Consultant General Surgery,"Hay Al Ashgar, Dar El Fouad"
Wael Abdelaziz,Endocrinology,Specialist Endocrinology,"Hay Al Ashgar, Antoniadis"
Medhat Khatab Amer,Hepatology,Consultant Hepatology,"Hay Al Ashgar, New Cairo, Roushdy"
Neveen Shehata,Infectious Disease,Specialist Infectious Disease,"Antoniadis, Smouha, Sheraton"
Mounir Ali,Sports Medicine,Lecturer Sports Medicine,"Hay Al Ashgar, Sheraton"
Naglaa Hassan Khalil,Ophthalmology,Consultant Ophthalmology,"New Cairo, Heliopolis"
Jihan Ismail,Oral Surgery,Consultant Oral Surgery,Heliopolis
Asmaa Kamal,Pediatrics,Consultant Pediatrics,Antoniadis
Ziad Mansour,Neurosurgery,Consultant Neurosurgery,Smouha
Mostafa Amer,Ophthalmology,Consultant Ophthalmology,"Sheraton, Antoniadis"
Akram Tantawy,Urology,Professor Urology,Antoniadis
Noura Zaki,Gastroenterology,Consultant Gastroenterology,"Sheraton, New Cairo"
Samir Ismail,Hepatology,Specialist Hepatology,Hay Al Ashgar
Hatem Metwally,Radiology,Consultant Radiology,Roushdy
Aya Elshamy,Reproductive Medicine,Specialist Reproductive Medicine,"Heliopolis, Antoniadis"
Hanaa Youssef,Clinical Oncology,Consultant Clinical Oncology,Maadi
Eman Fawzy,Nuclear Medicine,Consultant Nuclear Medicine,Hay Al Ashgar
Shereen Kamal,Anesthesia,Specialist Anesthesia,"Maadi, Antoniadis"
Ghada Fahmy,Gastroenterology,Consultant Gastroenterology,El-Shalalat
Gamal Labib,Dentistry,Specialist Dentistry,Dar El Fouad
Safaa Othman,Obstetrics & Gynecology,Specialist Obstetrics & Gynecology,El-Shalalat
Sobhy Shaker,Interventional Radiology,Professor Interventional Radiology,Roushdy
Sherif Morsy,Pain Management,Consultant Pain Management,Dar El Fouad
Sobhy Badawi Shaker,Neurology,Senior Consultant Neurology,Smouha
Tamer Ismail,Infectious Disease,Consultant Infectious Disease,"Heliopolis, Dar El Fouad"
Mahmoud Issa,Urology,Consultant Urology,"Sheraton, New Cairo"
Heba Barakat,Colorectal Surgery,Consultant Colorectal Surgery,Hay Al Ashgar
Sobhy Othman,Reproductive Medicine,Consultant Reproductive Medicine,"Roushdy, Dar El Fouad, Maadi"
Rafik Salem,Oral Surgery,Associate Consultant Oral Surgery,Smouha
Hatem Khatab,Cardiac Surgery,Consultant Cardiac Surgery,"Hay Al Ashgar, El-Shalalat"
Aya Farouk,Orthopedics,Specialist Orthopedics,"Heliopolis, New Cairo"
Yasser Elbanna,Nephrology,Specialist Nephrology,"New Cairo, Antoniadis, El-Shalalat"
Sally Ibrahim,Rheumatology,Associate Consultant Rheumatology,El-Shalalat
Yasser Elsayed,Gastroenterology,Specialist Gastroenterology,"Dar El Fouad, El-Shalalat"
Iman Nasr,Audiology,Consultant Audiology,Antoniadis
Hatem Elshamy,Cardiac Surgery,Senior Specialist Cardiac Surgery,Dar El Fouad
Ahmed Dawoud,Colorectal Surgery,Senior Consultant Colorectal Surgery,"Sheraton, Antoniadis, Hay Al Ashgar"
Ashraf Farouk,General Practice,Consultant General Practice,"Sheraton, New Cairo"
Jihan Badawi,Vascular Surgery,Senior Specialist Vascular Surgery,"Roushdy, Antoniadis"
Azza Mohamed,Urology,Senior Specialist Urology,Dar El Fouad
Ashraf Saad,Cardiac Surgery,Senior Specialist Cardiac Surgery,"Maadi, El-Shalalat, Heliopolis"
Ibrahim Abdelhady,ENT,Consultant ENT,"El-Shalalat, Roushdy, Hay Al Ashgar"
Walaa Barakat Shehata,Pulmonology,Consultant Pulmonology,Antoniadis
Ehab Ahmed,Dentistry,Specialist Dentistry,"Dar El Fouad, Roushdy"
Hazem Fahmy,Phonetics,Specialist Phonetics,Smouha
Ziad Khalil,Ophthalmology,Consultant Ophthalmology,"El-Shalalat, Hay Al Ashgar, Heliopolis"
Rawia Mansour,General Surgery,Consultant General Surgery,El-Shalalat
Ziad Farouk,Nuclear Medicine,Specialist Nuclear Medicine,"Heliopolis, Dar El Fouad, Smouha"
Hassan Nabil,Reproductive Medicine,Senior Consultant Reproductive Medicine,"Sheraton, Hay Al Ashgar"
Khaled Elshamy Abdelaziz,Pathology,Senior Consultant Pathology,"Heliopolis, Maadi"
Safaa Mohamed,Clinical Nutrition,Associate Consultant Clinical Nutrition,Heliopolis
Hatem Nassar,Nephrology,Specialist Nephrology,"Smouha, Dar El Fouad"
Samy Badawi,Nuclear Medicine,Specialist Nuclear Medicine,"Roushdy, Sheraton"
Fatma Morsy,Sports Medicine,Consultant Sports Medicine,"El-Shalalat, Dar El Fouad"
Nisreen Ahmed,Pediatrics,Specialist Pediatrics,Smouha
Ali Nassar,Psychiatry,Consultant Psychiatry,"Hay Al Ashgar, Heliopolis"
Dina Nasr,Infectious Disease,Consultant Infectious Disease,Antoniadis
Alaa Farouk,Internal Medicine,Consultant Internal Medicine,Antoniadis
Ashraf Wahba,Gastroenterology,Professor Gastroenterology,Hay Al Ashgar
Mounir Labib,Orthopedics,Consultant Orthopedics,"El-Shalalat, Antoniadis"
Khaled Shehata,Cardiology,Senior Consultant Cardiology,"New Cairo, Heliopolis, Maadi"
Khaled Zaki,Sleep Medicine,Associate Consultant Sleep Medicine,"Antoniadis, Roushdy"
Ashraf Fawzy Elshamy,General Surgery,Consultant General Surgery,"Antoniadis, Dar El Fouad, New Cairo"
Ali Badawi,Sports Medicine,Senior Consultant Sports Medicine,Antoniadis
Rawia Wahba,Urology,Consultant Urology,"Roushdy, Heliopolis"
Ehab Lotfy,Oncology,Senior Specialist Oncology,Roushdy
Tahany Zaki,Pathology,Consultant Pathology,Hay Al Ashgar
Ghada Elshamy,General Surgery,Specialist General Surgery,Roushdy
Akram Fawzy,Dermatology,Assistant Professor Dermatology,Dar El Fouad
Nisreen Elgohary,Plastic Surgery,Senior Consultant Plastic Surgery,Sheraton
Maged Elgohary,Maxillofacial Surgery,Specialist Maxillofacial Surgery,Heliopolis
Nisreen Dawoud,Radiology,Specialist Radiology,"Smouha, El-Shalalat"
Gamal Mohamed,Pulmonology,Consultant Pulmonology,"Roushdy, Sheraton"
Sameh Morsy,Maxillofacial Surgery,Specialist Maxillofacial Surgery,New Cairo
Sally Badawi,Orthopedics,Assistant Professor Orthopedics,Maadi
Ragab Ismail,Allergy & Immunology,Consultant Allergy & Immunology,"Dar El Fouad, Antoniadis, New Cairo"
Osama Ahmed Nassar,Geriatrics,Specialist Geriatrics,El-Shalalat
Ramy Elsayed,Hepatology,Specialist Hepatology,"Sheraton, Dar El Fouad"
Karim Saad,Dentistry,Specialist Dentistry,"El-Shalalat, Antoniadis"
Samir Elsayed,Audiology,Senior Consultant Audiology,Smouha
Samir Abdelhady,Urology,Senior Consultant Urology,"Maadi, Roushdy"
Wagdy Elsayed,Internal Medicine,Senior Consultant Internal Medicine,Sheraton
Ali Rashid,Hematology,Consultant Hematology,"Roushdy, Hay Al Ashgar, Dar El Fouad"
Inas Abdelaziz,Ophthalmology,Consultant Ophthalmology,"El-Shalalat, Antoniadis"
Sobhy Dawoud,Pulmonology,Senior Consultant Pulmonology,"Sheraton, Antoniadis"
Hala Ahmed,Pediatrics,Lecturer Pediatrics,Dar El Fouad
Dina Habib,Urology,Professor Urology,El-Shalalat
Naglaa Wahba,Hepatology,Consultant Hepatology,Hay Al Ashgar
Walid Youssef,Rheumatology,Consultant Rheumatology,"Roushdy, Smouha, Maadi"
Hamdy Hamza,Emergency Medicine,Professor Emergency Medicine,El-Shalalat
Raed Fawzy,Gastroenterology,Specialist Gastroenterology,"Roushdy, Hay Al Ashgar"
Shereen Amer,Infectious Disease,Specialist Infectious Disease,Heliopolis
Essam Youssef Elshamy,Pediatrics,Consultant Pediatrics,Maadi
Ehab Fawzy,Neurosurgery,Specialist Neurosurgery,"El-Shalalat, Antoniadis, Smouha"
Iman Gaber,Maxillofacial Surgery,Professor Maxillofacial Surgery,"Smouha, Hay Al Ashgar, Sheraton"
Yasmin Youssef,Gastroenterology,Specialist Gastroenterology,"Sheraton, Roushdy"
Shereen Issa,Sports Medicine,Senior Consultant Sports Medicine,"Dar El Fouad, New Cairo, Maadi"
Omar Salem,Orthopedics,Consultant Orthopedics,New Cairo
Hazem Metwally,Radiology,Associate Consultant Radiology,El-Shalalat
Ghada Ibrahim,Pediatrics,Senior Consultant Pediatrics,"El-Shalalat, Antoniadis"
Neveen Ahmed,Clinical Oncology,Specialist Clinical Oncology,"Heliopolis, Antoniadis"
Bassem Nabil,Neurology,Specialist Neurology,Dar El Fouad
Yasmin Tantawy,Pain Management,Specialist Pain Management,"Sheraton, Smouha, El-Shalalat"
Ziad Shehata,Nephrology,Senior Consultant Nephrology,"Heliopolis, Hay Al Ashgar"
Nisreen Ali Issa,Obstetrics & Gynecology,Specialist Obstetrics & Gynecology,"Heliopolis, Smouha, Antoniadis"
Asmaa Habib,Maxillofacial Surgery,Professor Maxillofacial Surgery,Sheraton
Hamdy Salem,Thoracic Surgery,Specialist Thoracic Surgery,"Sheraton, Dar El Fouad"
Walid Abdelaziz,Cardiac Surgery,Professor Cardiac Surgery,Antoniadis
Layla Morsy,Oral Surgery,Specialist Oral Surgery,"Hay Al Ashgar, Dar El Fouad, Heliopolis"
Essam Khalil,Emergency Medicine,Specialist Emergency Medicine,"Smouha, El-Shalalat"
Akram Ali,Nephrology,Professor Nephrology,Antoniadis
Amr Morsy,Neurology,Specialist Neurology,"Antoniadis, Sheraton"
Manal Amer,Thoracic Surgery,Professor Thoracic Surgery,"El-Shalalat, Hay Al Ashgar, Heliopolis"
Hazem Saad Farouk,Audiology,Specialist Audiology,"New Cairo, Maadi"
Wafaa Abdelaziz,Ophthalmology,Professor Ophthalmology,"Dar El Fouad, El-Shalalat"
Ahmed Radwan,ENT,Consultant ENT,"Heliopolis, Dar El Fouad"
Mohamed Farouk,Neurology,Specialist Neurology,"Dar El Fouad, Antoniadis, Maadi"
Dalal Badawi,Clinical Nutrition,Consultant Clinical Nutrition,"Hay Al Ashgar, El-Shalalat"
Essam Lotfy,Obstetrics & Gynecology,Consultant Obstetrics & Gynecology,Dar El Fouad
Sobhy Elshamy,Sports Medicine,Professor Sports Medicine,"Antoniadis, Heliopolis"
Hanaa Osman,Reproductive Medicine,Specialist Reproductive Medicine,"Hay Al Ashgar, New Cairo"
Fady Rashid,Emergency Medicine,Specialist Emergency Medicine,Maadi
Magdy Tantawy,Dermatology,Consultant Dermatology,"Heliopolis, El-Shalalat, Antoniadis"
Abeer Youssef,Neurology,Assistant Professor Neurology,"El-Shalalat, Roushdy"
Seif Radwan,Radiology,Lecturer Radiology,"Heliopolis, Maadi"
Ziad Ahmed,ENT,Consultant ENT,Sheraton
Gehan Tawfik,Cardiology,Specialist Cardiology,"New Cairo, Hay Al Ashgar"
Tarek Mansour,Sports Medicine,Specialist Sports Medicine,"Antoniadis, Heliopolis"
Rania Elbanna,Infectious Disease,Senior Specialist Infectious Disease,"Maadi, Hay Al Ashgar, Dar El Fouad"
Dalal Ali,Obstetrics & Gynecology,Consultant Obstetrics & Gynecology,Heliopolis
Maha Ali,Hepatology,Senior Specialist Hepatology,Smouha
Ehab Lotfy Elshamy,Pediatrics,Consultant Pediatrics,"Maadi, Heliopolis"
Safaa Rashid,Ophthalmology,Assistant Professor Ophthalmology,Maadi
Abeer Dawoud,Plastic Surgery,Consultant Plastic Surgery,Antoniadis
Walid Osman,Maxillofacial Surgery,Consultant Maxillofacial Surgery,"Sheraton, Roushdy"
Amr Ahmed,Hematology,Specialist Hematology,New Cairo
Mona Youssef,Radiology,Associate Consultant Radiology,Roushdy
Samir Ibrahim,Clinical Oncology,Specialist Clinical Oncology,Dar El Fouad
Osama Fahmy,Bariatric Surgery,Professor Bariatric Surgery,Heliopolis
Atef Amer,Geriatrics,Specialist Geriatrics,Maadi
Safaa Salem,Nephrology,Professor Nephrology,Heliopolis
Aya Ismail,Pathology,Consultant Pathology,Hay Al Ashgar
Atef Dawoud,Sleep Medicine,Specialist Sleep Medicine,El-Shalalat
Lobna Ismail Hassan,Endocrinology,Specialist Endocrinology,"Maadi, Hay Al Ashgar, New Cairo"
Azza Farouk Abdelhady,Anesthesia,Consultant Anesthesia,"Heliopolis, Hay Al Ashgar"
Sara Darwish,Clinical Nutrition,Assistant Professor Clinical Nutrition,"New Cairo, Maadi"
Hassan Amer,General Surgery,Consultant General Surgery,Sheraton
Hala Othman,Thoracic Surgery,Assistant Professor Thoracic Surgery,"Smouha, El-Shalalat"
Samy Ibrahim,Neonatology,Consultant Neonatology,El-Shalalat
Omniya Badawi,Nephrology,Consultant Nephrology,Hay Al Ashgar
Karima Tantawy,Sports Medicine,Associate Consultant Sports Medicine,Smouha
Nahla Amer,Clinical Nutrition,Consultant Clinical Nutrition,El-Shalalat
Inas Youssef,Nephrology,Senior Consultant Nephrology,Maadi
Inas Barakat,Obstetrics & Gynecology,Senior Specialist Obstetrics & Gynecology,"Antoniadis, Smouha, Sheraton"
Atef Elgohary,Audiology,Specialist Audiology,Maadi
Azza Fahmy,Emergency Medicine,Professor Emergency Medicine,"Heliopolis, Antoniadis"
Sherif Darwish,Urology,Associate Consultant Urology,Maadi
Atef Mansour,Dentistry,Lecturer Dentistry,Heliopolis
Azza Mansour,Plastic Surgery,Associate Consultant Plastic Surgery,Antoniadis
Osama Youssef,Plastic Surgery,Specialist Plastic Surgery,Maadi
Ihab Saber,Sports Medicine,Specialist Sports Medicine,Antoniadis
Ashraf Nasr,Phonetics,Consultant Phonetics,"Hay Al Ashgar, Roushdy, New Cairo"
Ziad Lotfy,Cardiology,Senior Specialist Cardiology,"New Cairo, Smouha"
Ahmed Nasr,Colorectal Surgery,Consultant Colorectal Surgery,"Sheraton, Maadi"
Essam Khatab Darwish,Hematology,Senior Consultant Hematology,"Maadi, Heliopolis"
Emad Labib,Allergy & Immunology,Consultant Allergy & Immunology,"El-Shalalat, Sheraton, Dar El Fouad"
Sherif Saber,Hepatology,Professor Hepatology,El-Shalalat
Mohamed Khatab,Psychiatry,Senior Consultant Psychiatry,Roushdy
Osama Abdelhady,Sleep Medicine,Consultant Sleep Medicine,Roushdy
Omniya Mohamed,Orthopedics,Specialist Orthopedics,Hay Al Ashgar
Ramy Amer,Cardiac Surgery,Senior Consultant Cardiac Surgery,"Roushdy, Maadi"
Hassan Qassem,Allergy & Immunology,Consultant Allergy & Immunology,"El-Shalalat, Hay Al Ashgar"
Rania Wahba Darwish,Interventional Radiology,Senior Consultant Interventional Radiology,Antoniadis
Medhat Saad,Sleep Medicine,Consultant Sleep Medicine,"Smouha, Sheraton"
Samira Saber,Dermatology,Consultant Dermatology,"Dar El Fouad, Sheraton, Smouha"
Sameh Salem,Urology,Associate Consultant Urology,"El-Shalalat, Antoniadis"
Amira Wahba,Colorectal Surgery,Senior Consultant Colorectal Surgery,Smouha
Hany Abdelhady,Anesthesia,Professor Anesthesia,"Roushdy, Maadi"
Seif Elsayed,Phonetics,Specialist Phonetics,Roushdy
Khaled Qassem,Pathology,Senior Consultant Pathology,Dar El Fouad
Iman Wahba,ENT,Consultant ENT,Antoniadis
Samir Elshamy,Oncology,Specialist Oncology,Hay Al Ashgar
Noura Fahmy,Dentistry,Specialist Dentistry,El-Shalalat
Ragab Khatab,Emergency Medicine,Associate Consultant Emergency Medicine,"El-Shalalat, Hay Al Ashgar"
Manal Mohamed,Bariatric Surgery,Associate Consultant Bariatric Surgery,"El-Shalalat, Dar El Fouad"
Nadia Osman,Oral Surgery,Professor Oral Surgery,Sheraton
Atef Rashid,Allergy & Immunology,Specialist Allergy & Immunology,"Heliopolis, Smouha"
Passant Habib,Allergy & Immunology,Consultant Allergy & Immunology,"Antoniadis, Hay Al Ashgar"
Mariam Amer,Neurosurgery,Specialist Neurosurgery,"El-Shalalat, New Cairo"
Manal Ibrahim,Cardiology,Specialist Cardiology,Dar El Fouad
Noura Ahmed,Reproductive Medicine,Consultant Reproductive Medicine,Maadi
Nabil Hamza,Pathology,Consultant Pathology,"Antoniadis, Dar El Fouad"
Maged Shaker,ENT,Associate Consultant ENT,Antoniadis
Zeinab Othman,Pediatrics,Senior Consultant Pediatrics,New Cairo
Rafik Labib Salem,Interventional Radiology,Specialist Interventional Radiology,"New Cairo, Smouha, Dar El Fouad"
Neveen Ibrahim,Pulmonology,Associate Consultant Pulmonology,Heliopolis
Tahany Qassem,Clinical Oncology,Specialist Clinical Oncology,Smouha
Mostafa Nasr,Nephrology,Consultant Nephrology,Antoniadis
Amr Badawi,Dentistry,Associate Consultant Dentistry,"Hay Al Ashgar, Antoniadis"
Sherif Saad,Urology,Senior Specialist Urology,Dar El Fouad
Mai Tantawy,Vascular Surgery,Senior Consultant Vascular Surgery,Heliopolis
Magdy Shaker,Anesthesia,Specialist Anesthesia,"El-Shalalat, Dar El Fouad, Roushdy"
Ali Hamza,Phonetics,Associate Consultant Phonetics,New Cairo
Yasmin Shehata,Geriatrics,Senior Consultant Geriatrics,"Antoniadis, Hay Al Ashgar"
Lobna Elsayed,Psychiatry,Senior Specialist Psychiatry,Heliopolis
Hanan Abdelaziz,Rheumatology,Consultant Rheumatology,Maadi
Khaled Nabil,Audiology,Specialist Audiology,"New Cairo, Maadi, Sheraton"
Inas Nasr,Physiotherapy,Consultant Physiotherapy,"Maadi, Sheraton"
Fatma Tantawy,Pathology,Assistant Professor Pathology,New Cairo
Ghada Fahmy Tantawy,Reproductive Medicine,Consultant Reproductive Medicine,Heliopolis
Tahany Osman,Bariatric Surgery,Specialist Bariatric Surgery,"Maadi, Hay Al Ashgar"
Gehan Khalil,Pediatrics,Consultant Pediatrics,Roushdy
Hisham Elbanna Saber,Bariatric Surgery,Consultant Bariatric Surgery,"Maadi, Smouha"
Heba Kamal,Oral Surgery,Senior Consultant Oral Surgery,"New Cairo, Smouha, Hay Al Ashgar"
Hesham Shehata,Nephrology,Specialist Nephrology,Hay Al Ashgar
Hesham Rashid,Plastic Surgery,Assistant Professor Plastic Surgery,Maadi
Atef Shaker Dawoud,Pulmonology,Senior Specialist Pulmonology,"Sheraton, New Cairo"
Mai Dawoud,Colorectal Surgery,Assistant Professor Colorectal Surgery,El-Shalalat
Amira Youssef,Obstetrics & Gynecology,Specialist Obstetrics & Gynecology,Roushdy
George Abdelhady,Dentistry,Senior Consultant Dentistry,"Roushdy, Sheraton"
Saber Mansour,Dermatology,Senior Consultant Dermatology,Roushdy
Nahla Metwally,Clinical Nutrition,Consultant Clinical Nutrition,"New Cairo, Sheraton"
Yasser Fawzy Elsayed,Pulmonology,Assistant Professor Pulmonology,"New Cairo, El-Shalalat"
Fady Nassar,ENT,Consultant ENT,"Sheraton, Heliopolis, New Cairo"
Hisham Metwally,Allergy & Immunology,Consultant Allergy & Immunology,"Roushdy, Antoniadis"
Abeer Abdelaziz,Pathology,Specialist Pathology,"Roushdy, Sheraton"
Hesham Fahmy,Oncology,Consultant Oncology,"Roushdy, New Cairo"
Neveen Darwish,Psychiatry,Consultant Psychiatry,Smouha
Youssef Khalil,Neurology,Assistant Professor Neurology,"New Cairo, Roushdy"
Aya Nasr Qassem,Sleep Medicine,Consultant Sleep Medicine,"Antoniadis, Smouha"
Shady Zaki,Sleep Medicine,Consultant Sleep Medicine,"Antoniadis, El-Shalalat"
Yasser Habib,Dermatology,Senior Consultant Dermatology,Maadi
Jihan Abdelhady Ismail,Audiology,Consultant Audiology,"Hay Al Ashgar, Sheraton"
Seif Fahmy,Infectious Disease,Professor Infectious Disease,"Antoniadis, Roushdy"
Amira Kamal,Psychiatry,Senior Consultant Psychiatry,"Maadi, Antoniadis"
Saber Shaker,Oncology,Consultant Oncology,"Dar El Fouad, El-Shalalat"
Khaled Nassar Zaki,Infectious Disease,Consultant Infectious Disease,"Maadi, Sheraton"
Sara Hamza,Pain Management,Senior Consultant Pain Management,Heliopolis
Hanaa Hamza,ENT,Consultant ENT,"Sheraton, Smouha"
Raed Darwish,Internal Medicine,Senior Consultant Internal Medicine,Maadi
Hossam Qassem,Sports Medicine,Associate Consultant Sports Medicine,"New Cairo, Dar El Fouad, Antoniadis"
Karim Abdelhady,Ophthalmology,Senior Consultant Ophthalmology,"Sheraton, Heliopolis"
Raed Abdelaziz,Ophthalmology,Consultant Ophthalmology,Smouha
Ayman Habib,Interventional Radiology,Specialist Interventional Radiology,"El-Shalalat, Sheraton"
Naglaa Saber,Cardiology,Consultant Cardiology,"Hay Al Ashgar, Maadi"
Fatma Rashid,Colorectal Surgery,Consultant Colorectal Surgery,Dar El Fouad
Wael Badawi,Pain Management,Senior Consultant Pain Management,"Antoniadis, Maadi"
Fatma Gaber,Radiology,Consultant Radiology,"Antoniadis, Heliopolis, Roushdy"
Nahla Mohamed,Geriatrics,Specialist Geriatrics,"Smouha, Roushdy"
Hanaa Gaber,Emergency Medicine,Specialist Emergency Medicine,Hay Al Ashgar
Ihab Khatab,Colorectal Surgery,Associate Consultant Colorectal Surgery,New Cairo
Adel Lotfy,Psychiatry,Professor Psychiatry,Heliopolis
Hanan Darwish,Dentistry,Consultant Dentistry,Heliopolis
Asmaa Zaki,Colorectal Surgery,Consultant Colorectal Surgery,Smouha
Doaa Abdelhady Ahmed,Clinical Oncology,Consultant Clinical Oncology,"New Cairo, Sheraton"
Ragab Ali Tawfik,Dermatology,Lecturer Dermatology,New Cairo
Iman Zaki,Endocrinology,Specialist Endocrinology,"Hay Al Ashgar, Heliopolis"
Raed Ahmed,Allergy & Immunology,Consultant Allergy & Immunology,"Smouha, New Cairo, Hay Al Ashgar"
Atef Kamal,General Practice,Specialist General Practice,"Roushdy, New Cairo, El-Shalalat"
Nabil Darwish Ahmed,Pathology,Consultant Pathology,El-Shalalat
Yasser Fahmy,Clinical Nutrition,Consultant Clinical Nutrition,"Antoniadis, Dar El Fouad"
Dalal Farouk,Geriatrics,Senior Consultant Geriatrics,"Roushdy, Smouha"
Maged Khatab,Neurology,Senior Consultant Neurology,"Heliopolis, El-Shalalat"
Ramy Youssef,Allergy & Immunology,Assistant Professor Allergy & Immunology,"Heliopolis, Roushdy"
Walaa Qassem,Nephrology,Senior Specialist Nephrology,Heliopolis
Dalal Saber,Pulmonology,Associate Consultant Pulmonology,"Heliopolis, El-Shalalat"
Farida Abdelhady,Neurology,Specialist Neurology,Dar El Fouad
Amira Ismail,Oncology,Consultant Oncology,Smouha
Ragab Darwish,Bariatric Surgery,Consultant Bariatric Surgery,Antoniadis
Magdy Metwally,Neonatology,Professor Neonatology,"New Cairo, Antoniadis"
Sameh Nabil,Neonatology,Consultant Neonatology,Hay Al Ashgar
Ibrahim Ali,Cardiac Surgery,Consultant Cardiac Surgery,Dar El Fouad
Nagwa Kamal,Geriatrics,Associate Consultant Geriatrics,"Heliopolis, Antoniadis, Hay Al Ashgar"
Ehab Dawoud,Pulmonology,Senior Specialist Pulmonology,Heliopolis
Sally Abdelhady,Radiology,Professor Radiology,"Roushdy, New Cairo"
Ahmed Morsy,Pathology,Consultant Pathology,"Hay Al Ashgar, Sheraton"
